{"cameraMode":{"drawMode":0,"name":"Shaded","section":"Shading Mode"},"sceneLighting":true,"audioPlay":false,"sceneViewState":{"m_AlwaysRefresh":false,"showFog":true,"showSkybox":false,"showFlares":true,"showImageEffects":true,"showParticleSystems":true,"showVisualEffectGraphs":true,"m_FxEnabled":true},"in2DMode":false,"pivot":{"x":0.09787890315055847,"y":-0.7394211292266846,"z":3.0160903930664064},"rotation":{"x":0.11691450327634812,"y":0.047024454921483996,"z":-0.00552952429279685,"w":0.9920344948768616},"size":0.706698477268219,"orthographic":false}