{"cameraMode":{"drawMode":0,"name":"Shaded","section":"Shading Mode"},"sceneLighting":false,"audioPlay":false,"sceneViewState":{"m_AlwaysRefresh":false,"showFog":true,"showSkybox":false,"showFlares":true,"showImageEffects":true,"showParticleSystems":true,"showVisualEffectGraphs":true,"m_FxEnabled":true},"in2DMode":false,"pivot":{"x":-0.5264797210693359,"y":-0.027174443006515504,"z":0.1767430305480957},"rotation":{"x":-0.06013818457722664,"y":0.9336109161376953,"z":-0.1876097470521927,"w":-0.29926615953445437},"size":1.9958044290542603,"orthographic":false}