{"cameraMode":{"drawMode":0,"name":"Shaded","section":"Shading Mode"},"sceneLighting":false,"audioPlay":false,"sceneViewState":{"m_AlwaysRefresh":false,"showFog":true,"showSkybox":false,"showFlares":true,"showImageEffects":true,"showParticleSystems":true,"showVisualEffectGraphs":true,"m_FxEnabled":true},"in2DMode":false,"pivot":{"x":-1.5081745386123658,"y":-0.03731590509414673,"z":-0.5418510437011719},"rotation":{"x":-0.22081530094146729,"y":0.09840953350067139,"z":-0.022401584312319757,"w":-0.970088541507721},"size":0.6528201103210449,"orthographic":false}