{"cameraMode":{"drawMode":0,"name":"Shaded","section":"Shading Mode"},"sceneLighting":true,"audioPlay":false,"sceneViewState":{"m_AlwaysRefresh":false,"showFog":true,"showSkybox":false,"showFlares":true,"showImageEffects":true,"showParticleSystems":true,"showVisualEffectGraphs":true,"m_FxEnabled":true},"in2DMode":false,"pivot":{"x":0.024871617555618287,"y":0.03455878794193268,"z":-0.1677301675081253},"rotation":{"x":-0.16947968304157258,"y":0.7661036849021912,"z":-0.22470723092556,"w":-0.5778140425682068},"size":0.29176434874534609,"orthographic":false}