{"cameraMode":{"drawMode":0,"name":"Shaded","section":"Shading Mode"},"sceneLighting":true,"audioPlay":false,"sceneViewState":{"m_AlwaysRefresh":false,"showFog":true,"showSkybox":false,"showFlares":true,"showImageEffects":true,"showParticleSystems":true,"showVisualEffectGraphs":true,"m_FxEnabled":true},"in2DMode":false,"pivot":{"x":-0.6619822382926941,"y":-0.7136810421943665,"z":2.6430857181549074},"rotation":{"x":0.14670801162719727,"y":-0.23989927768707276,"z":0.036714471876621249,"w":0.9589686393737793},"size":1.3612430095672608,"orthographic":false}