{"cameraMode":{"drawMode":0,"name":"Shaded","section":"Shading Mode"},"sceneLighting":false,"audioPlay":false,"sceneViewState":{"m_AlwaysRefresh":false,"showFog":true,"showSkybox":false,"showFlares":true,"showImageEffects":true,"showParticleSystems":true,"showVisualEffectGraphs":true,"m_FxEnabled":true},"in2DMode":false,"pivot":{"x":-0.6058297157287598,"y":-0.5907911062240601,"z":-0.10980343818664551},"rotation":{"x":-0.10870268195867539,"y":0.8912749290466309,"z":-0.3145848512649536,"w":-0.30797427892684939},"size":0.7947744131088257,"orthographic":false}