{"cameraMode":{"drawMode":0,"name":"Shaded","section":"Shading Mode"},"sceneLighting":false,"audioPlay":false,"sceneViewState":{"m_AlwaysRefresh":false,"showFog":true,"showSkybox":false,"showFlares":true,"showImageEffects":true,"showParticleSystems":true,"showVisualEffectGraphs":true,"m_FxEnabled":true},"in2DMode":false,"pivot":{"x":-0.8766474723815918,"y":-0.3650556802749634,"z":0.018781602382659913},"rotation":{"x":-0.30477261543273928,"y":0.6048641204833984,"z":-0.269252747297287,"w":-0.6846597194671631},"size":3.8238766193389894,"orthographic":false}