{"cameraMode":{"drawMode":0,"name":"Shaded","section":"Shading Mode"},"sceneLighting":false,"audioPlay":false,"sceneViewState":{"m_AlwaysRefresh":false,"showFog":true,"showSkybox":false,"showFlares":true,"showImageEffects":true,"showParticleSystems":true,"showVisualEffectGraphs":true,"m_FxEnabled":true},"in2DMode":false,"pivot":{"x":-1.9692546129226685,"y":0.5490869879722595,"z":-1.1086002588272095},"rotation":{"x":-0.01499257143586874,"y":0.9803443551063538,"z":-0.17870643734931947,"w":-0.0822460949420929},"size":0.6586909294128418,"orthographic":false}