{"cameraMode":{"drawMode":0,"name":"Shaded","section":"Shading Mode"},"sceneLighting":false,"audioPlay":false,"sceneViewState":{"m_AlwaysRefresh":false,"showFog":true,"showSkybox":false,"showFlares":true,"showImageEffects":true,"showParticleSystems":true,"showVisualEffectGraphs":true,"m_FxEnabled":true},"in2DMode":false,"pivot":{"x":-0.021225452423095704,"y":-0.1527690291404724,"z":0.022495180368423463},"rotation":{"x":-0.12490297108888626,"y":0.7651253938674927,"z":-0.1561419665813446,"w":-0.6120481491088867},"size":0.7141428589820862,"orthographic":false}