{"cameraMode":{"drawMode":0,"name":"Shaded","section":"Shading Mode"},"sceneLighting":false,"audioPlay":false,"sceneViewState":{"m_AlwaysRefresh":false,"showFog":true,"showSkybox":false,"showFlares":true,"showImageEffects":true,"showParticleSystems":true,"showVisualEffectGraphs":true,"m_FxEnabled":true},"in2DMode":false,"pivot":{"x":0.3954012989997864,"y":-0.41590961813926699,"z":2.538020133972168},"rotation":{"x":-0.39951977133750918,"y":-0.035191576927900317,"z":0.015347693115472794,"w":-0.915929913520813},"size":2.1550872325897219,"orthographic":false}