{"cameraMode":{"drawMode":0,"name":"Shaded","section":"Shading Mode"},"sceneLighting":false,"audioPlay":false,"sceneViewState":{"m_AlwaysRefresh":false,"showFog":true,"showSkybox":false,"showFlares":true,"showImageEffects":true,"showParticleSystems":true,"showVisualEffectGraphs":true,"m_FxEnabled":true},"in2DMode":false,"pivot":{"x":-0.11184734106063843,"y":0.33000004291534426,"z":-9.829721450805664},"rotation":{"x":-0.2880825102329254,"y":0.14634892344474793,"z":-0.044600024819374087,"w":-0.9453045129776001},"size":0.6123724579811096,"orthographic":false}